제목,태그,이용 연령,작가,요일,평균 평점,선호작 수
네 것이었던 것,#드라마,15,"아이아리,바",일요웹툰,9.839,13684
흔한 빙의물인 줄 알았다,#로맨스#로판#소설원작,0,"레몬개구리,아진,DOYOSA",수요웹툰,9.964,63419
"아, 쫌 참으세요 영주님!",#로맨스#소설원작,12,"새우초밥,dayboo",월요웹툰,9.957,119560
애옹식당,#성장드라마#동물#무해한#힐링#일상#음식&요리,0,정다,화요웹툰,9.964,97263
망나니 소교주로 환생했다,#소설원작#오컬트#회귀#무협/사극#레드아이스 스튜디오,12,"전마두,대은호,재",토요웹툰,9.875,208205
마른 가지에 바람처럼,#로맨스#소설원작#이세계#구원서사,12,"화음,달새",수요웹툰,9.98,456544
역주행!,#드라마#아이돌#연예계#아이돌연애,0,김현,월요웹툰,9.899,47121
은밀한 재택근무,#친구>연인#로맨스코미디#현실로맨스#로맨스#직진남#2030연애#재벌,12,"주황연,타단,굴",화요웹툰,9.864,20100
나의 불편한 상사,#오피스로맨스#로맨스#소설원작,0,"이다홍,탄지,남은",목요웹툰,9.849,86186
선을 넘은 연애,#다정남#2021 최강자전#하이틴#소꿉친구#로맨스#햇살캐#학원로맨스,0,서,금요웹툰,9.978,253884
내가 죽기로 결심한 것은,#집착물#재회#폭스남#로맨스#청춘로맨스,15,YUJ,수요웹툰,9.874,591553
그림자 잡기,#스릴러,12,최,일요웹툰,9.322,6624
루루라라 우리네 인생,#무해한#일상,0,현이,"월, 목 연재",9.966,27846
포스트 팬데믹,#소설원작#스릴러,15,"좡좡,한산이가,영",월요웹툰,9.887,19070
악몽의 형상,#스릴러,15,김용,"화, 토 연재",9.927,122257
최후의 금빛아이,#성장드라마#이세계#판타지,12,"알깨,새",월요웹툰,9.968,62654
올가미,#집착물#혐관로맨스#고자극로맨스#드라마#폭스남#인외존재#뱀파이어,15,해무,화요웹툰,9.982,480755
예명여고,#오컬트#괴담#스릴러,15,육,토요웹툰,9.935,34470
좀간,#액션,15,"다이,옹",수요웹툰,9.956,108543
미래의 골동품 가게,#오컬트#스릴러,15,구아,수요웹툰,9.98,246150
순수한 동거생활,#소설원작#사내연애#현실로맨스#연상연하#로맨스#오피스로맨스,12,"성은,플아",목요웹툰,9.898,154383
방과후 레시피,#청춘로맨스#로맨스#감성드라마#학원로맨스#힐링#음식&요리,0,혜,목요웹툰,9.964,95687
나노마신,#소설원작#사이다#무협/사극#이능력배틀물#게임판타지,15,"한중월야,금강불괴,현절",목요웹툰,9.742,502587
꿈의 기업,#sf#아포칼립스#스릴러,12,문지,월요웹툰,9.94,117756
매지컬 급식:암살법사,#학원물#이능력배틀물#판타지,0,웡웡,월요웹툰,9.951,26749
마녀이야기,#판타지,0,원,화요웹툰,8.841,7666
하루의 하루,#드라마,0,김이,월요웹툰,9.868,57046
내곁엔 없을까,#로맨스,0,쑤,일요웹툰,9.977,87590
흑화한 노예남을 길들였다,#로맨스#소설원작,15,"LICO,보랏빛마",토요웹툰,9.93,85475
서브 남주가 파업하면 생기는 일,#소설원작#로판#판타지,0,"쓰레빠인간,숙임,해그",월요웹툰,9.979,63295
DARK MOON: 회색 도시,#다크판타지#느와르#세계관#판타지,12,HYB,화요웹툰,9.808,15634
대충 캠퍼스로맨스임,#삼각관계#로맨스#로맨스코미디#캠퍼스로맨스,15,공철,토요웹툰,9.979,277553
배달의 신,#드라마#음식&요리,0,"신얼,명",토요웹툰,9.936,66631
천하제일 대사형,#환골탈태#소설원작#무협/사극,15,"YooN,북미",금요웹툰,9.964,61181
집이 없어,#성장드라마#드라마#오컬트#학원물,0,와,화요웹툰,9.988,405242
패션쇼,#드라마,0,로커,일요웹툰,9.87,16485
천마는 평범하게 살 수 없다,#소설원작#판타지,15,"철범,산천,우",화요웹툰,9.376,168312
천재의 게임방송,#소설원작#액션#게임판타지,0,"다넛,지금,하이엔",목요웹툰,7.365,57413
시에라,#로맨스#소설원작,0,"Rana,문",목요웹툰,9.855,76701
신의 탑,#소년왕도물#먼치킨#세계관#판타지#이능력배틀물,12,SI,월요웹툰,9.706,1971115
하렘의 남자들,#소설원작#이세계#로맨스#궁중로맨스#역하렘#로판,12,"알파타르트,히어리,영",수요웹툰,9.966,344488
백년게임,#판타지,12,"하람,지",금요웹툰,9.8,76057
나의 계절,#로맨스,15,박수,수요웹툰,9.778,35076
애구애구,#동물#드라마#감성드라마#무해한#힐링,0,가,토요웹툰,9.962,30432
왕따가 격투기를 너무 잘함,#소설원작#액션,15,"팀꿀빨,아몬드",수요웹툰,9.538,59540
누나! 나 무서워,#4차원#괴담#학원물#스릴러,15,디,목요웹툰,9.894,74449
허리케인 공주님,#성장드라마#개그#학원물#이세계,0,랑,일요웹툰,9.981,63923
코인 리벤지,#액션,15,박성,목요웹툰,9.912,38650
세번째 로망스,#전남친#로맨스#타임슬립,0,문,월요웹툰,9.95,70952
남편을 만렙으로 키우려 합니다,#회귀#로맨스#선결혼후연애#소설원작,12,"누오바,컬린,유기",토요웹툰,9.972,192779
잿더미 황후,#로맨스#소설원작,15,"스튜디오BCW,별보",일요웹툰,9.82,39294
나를 낳아줘,#현실로맨스#드라마,15,"연주,미",수요웹툰,9.731,45516
나 혼자 특성빨로 무한 성장,#소설원작#레드아이스 스튜디오#먼치킨#헌터물#액션,15,"선운(鮮雲),샤이아탄,2사",일요웹툰,9.128,105679
캐슬2:만인지상,#드라마,15,정,수요웹툰,9.966,176146
여자를 사귀고 싶다,#성장드라마#개그#공감성수치#블루스트링#2030연애#청춘로맨스,15,"노갓량,영",금요웹툰,9.441,55420
소름일기,#오컬트#괴담#스릴러,15,석재,금요웹툰,9.816,43162
사랑하는 여배우들,#로맨스#연예계,0,"수정,고나리",목요웹툰,9.962,22498
"이혼은 쉬운데, 연애는 어렵다",#직업드라마#다정남#로맨스코미디#러블리#로맨스#2030연애#짝사랑,12,"수빙,쥬시린시,팔가",수요웹툰,9.913,29158
전생연분,#로맨스#레드스트링,15,"재아,HA",토요웹툰,9.953,209738
미나 이퀄,#액션#성인웹툰,18,이유,토요웹툰,9.492,47413
내겐 너무 소란한 결혼,#소설원작#로맨스코미디#현실로맨스#로맨스#선결혼후연애,15,"포스스튜디오,노승아,이지",수요웹툰,9.94,58106
흑막 여주가 날 새엄마로 만들려고 해,#소설원작#육아물#로맨스#빙의#로판,0,"목감기,하리힌,이산",목요웹툰,9.978,262497
마왕까지 한 걸음,#힘숨찐#판타지,15,윤,목요웹툰,9.94,142918
개를 낳았다,#드라마#감성드라마#무해한#동물,0,이,금요웹툰,9.975,507355
해골협객,#판무#좀비#빙의#무협/사극#차원이동,15,"성불예정,준",화요웹툰,8.71,19965
남사친의 법칙,#청춘로맨스#하이틴#현실로맨스#로맨스#학원로맨스#짝사랑,0,이도,수요웹툰,9.965,79319
그 남자의 은밀한 하루,#계약연애#소설원작#사내연애#현실로맨스#로맨스#오피스로맨스#2030연애,12,"백묘,이로,탄",수요웹툰,9.885,65550
보물과 괴물의 도시,#성장드라마#다크판타지#오컬트#판타지#이능력배틀물#인외존재,12,이,목요웹툰,9.892,42918
운명을 보는 회사원,#직업드라마#소설원작#판타지,0,"임성욱,영완(映完",수요웹툰,9.976,123056
부캐인생,#드라마#서스펜스#인플루언서,15,"까를로스,징",목요웹툰,9.348,38330
투신전생기,#먼치킨#회귀#이능력배틀물#복수극#액션,12,청,일요웹툰,9.956,393214
"안녕, 나의 수집",#무해한#일상,0,하,"수, 일 연재",9.96,63950
천상의 주인,#소년왕도물#판타지,12,"MOOHAK,권러",금요웹툰,9.628,24515
고백 취소도 되나?,#청춘로맨스#폭스남#로맨스#하이틴,0,신,일요웹툰,9.56,372898
신의 재래,#성장드라마#2022 지상최대공모전#판타지#이능력배틀물#동양풍판타지#차원이동,15,홍무,일요웹툰,9.94,30478
백설을 위하여,#로맨스#소설원작,15,"김햐,러스츄,찬겨",일요웹툰,9.98,59579
프리드로우,#성장드라마#드라마#학원물#힘숨찐,15,전선,토요웹툰,8.579,1646934
전남편의 미친개를 길들였다,#로맨스#소설원작,15,"재겸,철무장미,자",금요웹툰,9.981,171277
장씨세가 호위무사,#판무#소설원작#먼치킨#사이다#무협/사극#힘숨찐,12,"김인호,조형",월요웹툰,9.89,302098
이계진입 리로디드,#소설원작#판타지,0,"임경배,차우민,쵸",토요웹툰,9.923,66510
필리아로제 - 가시왕관의 예언,#소설원작#레드아이스 스튜디오#판타지,0,"백화등,김영지,Ryut",화요웹툰,9.976,77153
마법사랑해,#판무#차원이동#판타지,12,"명랑,청설",목요웹툰,9.964,54316
아슈타르테,#로맨스#로판#소설원작,0,"SOON,안다",월요웹툰,9.941,93044
솔그린,#성장드라마#드라마#학원물,15,래,수요웹툰,9.46,3019
삼국지톡,#무협/사극,12,"무적핑크,이","화, 금 연재",9.264,164738
해시의 신루,#로맨스#소설원작#퓨전사극,15,"윤이수,명랑,INU",목요웹툰,9.965,108564
닥터앤닥터 병원일기,#육아물#일상#의학드라마,0,닥터베,수요웹툰,8.537,32532
수플레 팬 케이크,#성장드라마#음식&요리#이세계#판타지,12,호,수요웹툰,9.959,16541
더 캐슬 - 귀안의 신부,#소설원작#로맨스#직진남#선결혼후연애#로판,15,"진소예,피칸,혜",토요웹툰,9.947,49301
저 그런 인재 아닙니다,#소설원작#이세계#다크히어로#세계관#판타지,0,"머나,덴피,에",화요웹툰,9.978,176371
루크 비셸 따라잡기,#다정남#로맨스#소설원작,0,"앙꼬빵,에슈티,학뚜",월요웹툰,9.938,55920
봐선 안되는 것,#괴담#스릴러,15,수리,토요웹툰,9.882,59115
누가 나를 죽였을까,#서스펜스#성인웹툰#스릴러,18,,수요웹툰,9.915,30235
7FATES: CHAKHO,#판타지,12,HYB,토요웹툰,9.481,128557
크림슨 하트,#걸크러시#세계관#이세계#판타지,12,HYB,금요웹툰,9.622,15738
백수세끼,#드라마#감성드라마#음식&요리,0,치,월요웹툰,9.893,469609
두 번 사는 프로듀서,#직업드라마#소설원작#판타지#회귀#연예계,12,"여로운,왕십리글쟁",수요웹툰,9.917,55849
이별 후 사내 결혼,#오피스로맨스#로맨스#소설원작#사내연애,15,"미믹,이달리",월요웹툰,9.92,202578
수요웹툰의 나강림,#판타지,15,"송준혁,이경",수요웹툰,9.963,127230
별난식당,#성장드라마#직업드라마#드라마#힐링#음식&요리,0,HO,월요웹툰,9.968,88870
영앤리치가 아니야!,#개그#재벌,0,최삡,월요웹툰,9.968,40645
전지적 독자 시점,#세계관#아포칼립스#판타지#헌터물#레드아이스 스튜디오#게임판타지,15,"싱숑,슬리피-C,UM",수요웹툰,9.945,968767
스터디그룹,#블루스트링#힘숨찐#액션#학원물,15,"신형욱,유승",토요웹툰,9.939,619904
마왕의 고백,#성장드라마#인외존재#2021 지상최대공모전#판타지,12,탑,일요웹툰,9.976,119815
왕세자 입학도,#성장드라마#드라마#퓨전사극,0,무,토요웹툰,9.979,129352
첫사랑은 헤이트,#로맨스#캠퍼스로맨스,12,망,토요웹툰,9.9,12920
재생존경쟁,#게임판타지#판타지,15,"톨젠,미",수요웹툰,9.735,42045
만렙돌파,#고인물#먼치킨#게임판타지#판타지,15,"월요웹툰,그림,성불예",월요웹툰,9.892,238454
언덕 위의 제임스,#개그#4차원,0,쿠당,수요웹툰,9.924,153193
줄리에게,#로맨스,0,제,수요웹툰,9.76,21922
원주민 공포만화,#괴담#스릴러,15,원주,화요웹툰,9.754,295912
밀행,#로맨스#소설원작#퓨전사극,0,"아슬로,봉선,H.",수요웹툰,9.959,43614
연기는 처음인데요?!,#성장드라마#하이틴#로맨스#청춘로맨스#학원로맨스#연예계,0,"앨렴,홍로",금요웹툰,9.946,29818
완벽한 결혼의 정석,#계약연애#소설원작#혐관로맨스#회귀#로맨스#선결혼후연애,15,"제리볼,영,이범",목요웹툰,9.879,264851
위대한 겸상,#로맨스#음식&요리,0,홍,목요웹툰,9.932,114166
반귀,#로맨스#오컬트#인외존재,12,세,수요웹툰,9.975,114633
자취방 신선들,#드라마,0,마,목요웹툰,9.877,121246
권리행사자,#판타지,15,샤이,목요웹툰,9.726,16421
최강전설 강해효,#액션,15,최병,목요웹툰,7.52,622973
108명의 그녀들,#로맨스#로판#소설원작,0,"고송,레",일요웹툰,9.981,50796
달이 사라진 밤,#2020 지상최대공모전#로맨스#퓨전사극#혐관로맨스,15,황지,화요웹툰,9.878,32950
만능잡캐,#먼치킨#아포칼립스#판타지#고인물#게임판타지,15,"그림,홍실,목요웹",목요웹툰,9.753,111470
짝사랑의 마침표,#짝사랑#로맨스#하이틴,0,숭,화요웹툰,9.975,261093
어느 백작 영애의 이중생활,#소설원작#로맨스코미디#로맨스#성별반전#로판,0,"Jeu,최아리,킴",수요웹툰,9.964,49454
나랑X할래?,#로맨스,15,"진자,정",토요웹툰,9.947,151330
재벌집 막내아들,#타임슬립#회귀#드라마#드라마&영화 원작웹툰#복수극#재벌#빙의,12,"김병관,JP,산경(山景",목요웹툰,9.978,260422
호랑신랑뎐,#동물#판타지#연상연하#무해한#힐링,0,고추참,"월, 목 연재",9.984,164686
1초,#드라마#직업드라마,0,"광운,시",금요웹툰,9.978,538679
오로지 너를 이기고 싶어,#학원로맨스#로맨스#로맨스코미디#하이틴,0,"아마도지,사",일요웹툰,9.944,458762
빅맨,#스포츠#농구#스포츠성장,0,하하,화요웹툰,9.705,122838
사변괴담,#좀비#빙의#스릴러#역사물#괴담,15,강태,화요웹툰,9.941,56909
쓰레기는 쓰레기통에!,#현실로맨스#로맨스#서스펜스#2021 지상최대공모전#계략여주,15,EDDiERiN,수요웹툰,9.978,250423
남편을 죽여줘요,#고자극로맨스#성인웹툰#로맨스#서스펜스#감성드라마#로판,18,"이연,그림,목요웹",목요웹툰,9.9,201816
THE 런웨이,#오피스로맨스#로맨스#소설원작#사내연애,15,"도미,녹두,Hirachel",목요웹툰,9.873,130144
환상연가,#로맨스#궁중로맨스#퓨전사극,0,반지,목요웹툰,9.966,90991
"행운을 빌어요, 용사님!",#회귀#로맨스#사내연애,0,송현,금요웹툰,9.936,26429
나쁜사람,#학원물#액션,12,둠,수요웹툰,8.92,394161
인피니티,#스포츠#스포츠성장,0,2,금요웹툰,9.858,55321
서울역 드루이드,#헌터물#소설원작#먼치킨#판타지,15,"진설우,활성곰,문성",금요웹툰,9.862,176027
슈퍼스타 천대리,#감성#소설원작#음악#연예계,0,"박경원,이재국,Do",월요웹툰,9.818,19614
우리 집 고양이 보고 갈래?,#동물#캠퍼스로맨스#2022 지상최대공모전#회귀#로맨스#무해한,15,삼,화요웹툰,9.984,92839
마녀의 심판은 꽃이 된다,#레드스트링#스릴러,12,"은백,서",목요웹툰,9.918,82980
하북팽가 막내아들,#회귀#소설원작#무협/사극#소년왕도물,15,"무향,스튜디오M,기",화요웹툰,9.882,102446
평화식당,#먼치킨#판타지,12,"서우서우,",금요웹툰,9.86,22964
리턴 투 플레이어,#소년왕도물#소설원작#먼치킨#아포칼립스#판타지#회귀#게임판타지,15,"엄키,세혼,인덱",월요웹툰,9.952,231062
완벽한 파트너,#로맨스#소설원작,0,"오하라,산",일요웹툰,9.972,56442
재앙의 날,#스릴러,15,"환상특급,이승",금요웹툰,9.903,27989
하루만 네가 되고 싶어,#최강자전#삼각관계#이세계#로맨스#직진남#2019 최강자전#역하렘,15,,화요웹툰,9.868,707470
아침을 지나 밤으로,#최강자전#2019 최강자전#판타지,0,손지,토요웹툰,9.94,74558
행성인간2: 행성의,#스릴러,15,조,수요웹툰,9.948,46673
존잘주의,#로맨스#학원물#역하렘,15,,토요웹툰,9.267,253379
은탄,#오컬트#먼치킨#다크히어로#판타지#동양풍판타지,15,김규,토요웹툰,9.977,124695
간첩 18세,#학원물#액션,15,"팀꿀빨,김주",토요웹툰,9.864,87068
고양이 타타,#드라마#힐링#무해한#동물,0,로,일요웹툰,9.958,115077
마섹남 - 마술하는 섹시한 남자,#소설원작#퓨전사극#현실로맨스#로맨스#동양풍판타지,12,"티르스,랑또,육시",일요웹툰,9.927,56013
지니오패스,#서스펜스#복수극#두뇌싸움#스릴러,15,공현,금요웹툰,9.922,28687
여신님의 호랑이 공략법,#로맨스#타임슬립#동양풍판타지#인외존재,15,"청라,아",일요웹툰,9.963,44480
불쌍해야 하는 남자,#드라마,15,윤,목요웹툰,9.693,9346
그 기사가 레이디로 사는 법,#빙의#소설원작#판타지,0,"아인,성혜림,lnk",금요웹툰,9.981,220813
입술이 예쁜 남자,#로맨스#소설원작,15,"고도,플라",월요웹툰,9.965,129116
여름의 너에게,#힐링#삼각관계#로맨스#학원로맨스,0,라라,금요웹툰,9.912,74292
로맨틱 태평수산,#로맨스,0,육일,목요웹툰,9.949,43543
옆집남자 친구,#캠퍼스로맨스#현실로맨스#로맨스#까칠남#청춘로맨스,0,꿀,수요웹툰,9.971,117733
무서운게 딱좋아!,#괴담#레트로#스릴러,0,이동,일요웹툰,9.811,149184
신혼부부 생활 백서,#계약연애#소설원작#현실로맨스#로맨스#2030연애#선결혼후연애,15,"이범배,문나",일요웹툰,9.964,43143
가상&RPG,#최강자전#판타지#2019 최강자전#고인물#게임판타지,12,주다,목요웹툰,9.833,57873
악의 등교,#학원물#소설원작#액션,15,"팀 더 지크,시원,산",수요웹툰,9.919,61498
사이다걸,#드라마,0,"김그루,김드",월요웹툰,9.934,33373
판타지 여동생!,#게임판타지#판타지,0,유,수요웹툰,9.839,122433
성애적 순애보,#캠퍼스로맨스#고자극로맨스#로맨스#2030연애#청춘로맨스,15,"유,",일요웹툰,9.693,27987
대리게임,#학원물#게임판타지#복수극#스릴러,15,철,화요웹툰,8.445,7061
절대검감,#환골탈태#소설원작#무협/사극,12,"한중월야,티아이,김두루",월요웹툰,9.919,97527
신화급 귀속 아이템을 손에 넣었다,#소년왕도물#먼치킨#아포칼립스#판타지#회귀#사이다#헌터물#게임판타지,15,"정선율,헤",월요웹툰,9.927,272409
로어 올림푸스,#구원서사#세계관#로맨스#인외존재#역사물#해외작품,15,레이첼스마이,수요웹툰,9.973,88452
우리 무슨 사이야?,#로맨스,0,고,금요웹툰,9.633,73447
원하나,#드라마#2021 최강자전,15,비,월요웹툰,9.86,47448
성스러운 작가생활,#직업드라마#로맨스코미디#성인웹툰#로맨스#까칠남#전남친,18,이작가,수요웹툰,9.943,117286
위험한 남편을 길들이는 법,#로맨스#선결혼후연애#소설원작,12,"두지,윤",일요웹툰,9.935,124414
생존고백,#로맨스#오컬트#2021 지상최대공모전,12,박태,일요웹툰,9.949,60575
아포크리파,#오컬트#스릴러,15,"은성,두만",일요웹툰,9.946,31337
황제사냥,#혐관로맨스#이세계#먼치킨#판타지#직진남#2021 지상최대공모전#복수극,15,KA,목요웹툰,9.944,57679
헤어지면 죽음,#로맨스#레드스트링#인플루언서,15,"봄소희,KYM",수요웹툰,9.95,214545
반드시 해피엔딩,#회귀#로맨스#선결혼후연애#소설원작,15,"플아다,불사,재",토요웹툰,9.926,501751
그냥 선생님,#일상,0,연,"화, 금 연재",9.973,75164
너의 키스씬,#비밀연애#로맨스코미디#현실로맨스#로맨스#직진남#2030연애#짝사랑,12,조니,금요웹툰,9.972,58229
후궁 스캔들,#로맨스#소설원작#동양풍판타지,0,"기트로우,정",일요웹툰,9.986,120901
강남의 기사,#아포칼립스#판타지,15,"김재환,B급달",월요웹툰,8.61,27077
주작연애,#최강자전#혐관로맨스#고자극로맨스#하이틴#로맨스#학원로맨스,15,우,월요웹툰,9.885,75956
중간에서 만나,#연상연하#폭스남#로맨스#로맨스코미디,15,"조흰,윤",수요웹툰,9.875,57177
한입만!,#인외존재#로맨스#연예계#인플루언서,12,이한,화요웹툰,9.894,53378
현실퀘스트,#회귀#학원물#액션#게임판타지,15,"태성,이주",목요웹툰,9.397,342606
제로게임,#최강자전#걸크러시#두뇌싸움#판타지#2015 최강자전,12,즐바,화요웹툰,9.942,373819
"대공님, 실수였어요!",#로맨스#계약연애#이세계,0,"그림,화요웹툰,시세Siss",화요웹툰,9.943,138832
홍 의관의 은밀한 비밀,#로맨스#성별반전#소설원작#퓨전사극,12,"서이나,유계",일요웹툰,9.96,55697
너를 돌려차는 방법,#동아리#혐관로맨스#로맨스코미디#소꿉친구#로맨스#학원로맨스#힐링,0,한성,월요웹툰,9.972,83807
폰투스 : 극야2,#스릴러,15,"운,한큰",일요웹툰,9.882,73082
이게 아닌데,#로맨스#레드스트링#연예계,12,"김세이,봄소",금요웹툰,9.919,120468
칼끝에 입술,#계약연애#걸크러시#로판#로맨스#직진남#선결혼후연애#계략여주,0,"핀쿠,뫄과,윤",일요웹툰,9.962,172670
사형소년,#사이다#스릴러,15,"그림,김숭늉,일요웹",일요웹툰,9.498,322843
"이러면 안 돼요, 전하!",#소설원작#걸크러시#회귀#로맨스#로판,0,"안진애,우라노스,최아",목요웹툰,9.969,62764
랑데뷰,#드라마#감성드라마,15,제,일요웹툰,9.958,121769
킬더킹,#드라마#두뇌싸움,0,"joana,마사토",목요웹툰,9.928,71205
나이트런,#sf#다크판타지#판타지,15,김성,토요웹툰,9.807,242825
주인공의 주식을 팝니다,#로맨스#로판#소설원작,0,"가얌,50,목감",일요웹툰,9.918,37002
내일,#드라마#감성드라마#드라마&영화 원작웹툰#사이다,0,라,일요웹툰,9.961,561909
비밀친구,#두뇌싸움#서스펜스#2021 지상최대공모전#복수극#스릴러,15,"이밤애,사바",금요웹툰,9.828,28950
판사 이한영,#직업드라마#소설원작#법정드라마#회귀#드라마,15,"이해날,문성호,전돌",일요웹툰,9.959,147260
놓지마 정신줄 시즌3,#개그#드라마&영화 원작웹툰,0,"신태훈,나승","화, 토 연재",9.962,115958
내게 필요한 NO맨스,#로맨스#2019 지상최대공모전#연예계#역하렘,0,마그네,토요웹툰,9.908,218609
윈드브레이커,#스포츠#스포츠성장,12,조용,월요웹툰,9.836,1141776
자매전쟁,#드라마#학원로맨스#계략여주#복수극,12,기맹,일요웹툰,9.929,290804
내게 종말은 게임이다,#소설원작#인플루언서#먼치킨#아포칼립스#판타지#인외존재#게임판타지,15,"HOOPA,최우",일요웹툰,9.902,37795
뮤즈 온 유명,#하이퍼리얼리즘#재회#드라마#2030연애#청춘로맨스#전남친#연예계,15,수,목요웹툰,9.922,199160
멸망 이후의 세계,#소설원작#아포칼립스#판타지#레드아이스 스튜디오#차원이동,15,"S-Cynan,싱숑,언데드 감",화요웹툰,9.791,298857
굿헌팅,#스릴러,15,"수요웹툰,심조,H",수요웹툰,9.898,18238
대위님! 이번 전쟁터는 이곳인가요?,#소설원작#걸크러시#로맨스#밀리터리#빙의#로판#차원이동,0,"비터버,리",금요웹툰,9.964,64741
언다잉,#스릴러,12,임목,금요웹툰,9.908,46180
악취해결사,#성장드라마#최강자전#학원물#2021 최강자전#드라마,0,샘,월요웹툰,9.944,21735
원수가 나를 유혹할 때,#로맨스#소설원작,0,"황비노,포롱,최서",화요웹툰,9.687,32285
나를 바꿔줘,#드라마,15,"호띠,이지",토요웹툰,9.957,245143
취사병 전설이 되다,#직업드라마#소설원작#판타지#밀리터리#음식&요리#게임판타지,0,"이진수,제이로",토요웹툰,9.584,417161
소녀재판,#드라마#2019 지상최대공모전#공감성수치,15,"보로콤,루즌",일요웹툰,9.962,372912
베니루 BAENIRU,#서스펜스#스릴러,15,우지,목요웹툰,9.912,52144
사기 친 공작님을 유혹해버렸다,#소설원작#로판#판타지,0,"쥐똥새똥,T.Heimdall",목요웹툰,9.931,38400
헬스던전,#4차원#이세계#먼치킨#사이다#액션,0,"도베도베,채",일요웹툰,9.878,34025
우리의 연애일지,#로맨스,0,오,수요웹툰,9.809,10432
호랑이형님,#세계관#동양풍판타지#판타지,15,이상,토요웹툰,9.173,863748
"저무는 해, 시린 눈",#드라마,0,MUR,토요웹툰,9.972,135165
격기3반,#환골탈태#스포츠#격투기,15,이,수요웹툰,7.34,279289
시선 끝 브로콜리,#드라마,0,모,토요웹툰,9.973,28634
시체기사 군터,#뱀파이어#다크판타지#액션#인외존재,15,마요너구,화요웹툰,9.901,68227
너와 XX,#현실로맨스#하이퍼리얼리즘#로맨스#2030연애,15,,목요웹툰,9.884,13404
노량진 공격대,#다크판타지#액션,12,"이리몽,잭",일요웹툰,9.709,23626
약빨이 신선함,#소설원작#판타지,15,"벤,아로,한",일요웹툰,9.915,55608
무림서부,#판무#소설원작#세계관#무협/사극#힘숨찐,15,"정한길,웨스트,컵라면",수요웹툰,9.942,55366
말숙이를 부탁해,#육아물#개그#2022 지상최대공모전,0,임규,수요웹툰,9.94,36144
칼에 취한 밤을 걷다,#판무#소설원작#세계관#사이다#무협/사극,15,"유진성,JP,송",수요웹툰,9.915,111703
밤마다 남편이 바뀐다,#소설원작#로맨스코미디#로맨스#2030연애#선결혼후연애#로판,0,"여슬기,구슬,한윤",일요웹툰,9.978,181007
천화서고 대공자,#소설원작#무협/사극,15,"MIDNIGHT STUDIO,김현영,12",일요웹툰,9.923,62221
메리의 불타는 행복회로,#드라마,0,김지,월요웹툰,9.932,38311
역대급 영지 설계사,#소년왕도물#소설원작#판타지,0,"김현수,문백경,이현",금요웹툰,9.972,333770
물위의 우리,#드라마#2020 최강자전#최강자전#아포칼립스,15,"뱁새,왈",토요웹툰,9.985,267075
퍼니게임,#스릴러,15,배진,월요웹툰,9.041,81495
디나운스,#드라마,12,윤,월요웹툰,9.523,25817
에브리띵 이즈 파인,#해외작품#스릴러,15,마이크 버,수요웹툰,9.978,83387
후덜덜덜 남극전자,#개그,0,김민,금요웹툰,7.907,48038
작전명 순정,#로맨스#2021 지상최대공모전#하이틴,0,"꼬까리,들",토요웹툰,9.964,609904
천년간 노려왔습니다,#로맨스,12,수,일요웹툰,9.925,27651
헬58,#액션#성인웹툰,18,장성,화요웹툰,9.698,129407
안미운 우리들,#캠퍼스로맨스#소꿉친구#현실로맨스#드라마#직진남#까칠남,15,지,수요웹툰,9.956,63984
국세청 망나니,#드라마#소설원작#직업드라마,0,"동면거북이,스튜디오웨이",목요웹툰,9.915,93207
퇴근 후에 만나요,#로맨스#소설원작,12,"햄친,로즈빈,박한",월요웹툰,9.923,36034
너에게 입덕중,#학원로맨스#로맨스,0,"새우,카",금요웹툰,9.923,16613
굿바이 유교보이,#계약연애#로맨스#직진남#2030연애#삼각관계#계략여주,15,아,월요웹툰,9.945,39855
돌&아이,#드라마#레드스트링#연예계,15,"송채윤,엔",일요웹툰,9.886,61155
주인님을 잡아먹는 방법,#로맨스#직진남#소설원작,15,"차혜영,세",화요웹툰,9.975,114470
파운더,#범죄#액션,15,"만두인,임상",월요웹툰,9.921,44434
이게 웬 떡,#로맨스,0,박쓰,목요웹툰,9.964,80978
인과관계,#삼각관계#청춘로맨스#로맨스#학원로맨스#힐링,12,강환,수요웹툰,9.964,256130
연우의 순정,#다정남#감성#걸크러시,15,이,화요웹툰,9.972,220324
짐승의 꽃,#소설원작#고자극로맨스#로맨스#2030연애#로판,15,"옆집찰스,하브린,황도",화요웹툰,9.941,67114
나 혼자 네크로맨서,#소설원작#먼치킨#아포칼립스#판타지#이능력배틀물,12,"김경열,지점장,김동",목요웹툰,9.954,198898
킬링킬러,#액션,15,아,일요웹툰,9.786,54465
달의 요람,#드라마,12,이정,목요웹툰,6.218,57773
낙향문사전,#먼치킨#무협/사극#레드아이스 스튜디오#소설원작,12,"원작,고기산적,금요웹툰,바킹",금요웹툰,9.947,182159
메소드 연기법,#계략여주#스릴러,15,김이,금요웹툰,9.951,33808
최강부캐,#먼치킨#액션#게임판타지,15,직,토요웹툰,9.876,91503
오빠집이 비어서,#로맨스#계약연애#소설원작#연예계,0,"태소영,이서",월요웹툰,9.787,183413
연애의 기록,#드라마,15,베어,금요웹툰,9.59,19420
헥토파스칼,#복수극#액션#느와르,12,"버퍼링,길성",화요웹툰,9.858,92468
네이처맨,#레트로#개그#히어로#힘숨찐,12,이윤,목요웹툰,9.973,40506
절대복종,#학원물#액션#게임판타지,15,,금요웹툰,9.799,49211
내가 키운 S급들,#소년왕도물#소설원작#먼치킨#판타지#회귀#이능력배틀물#헌터물,12,"근서,seri,비",화요웹툰,9.968,401330
"푸른 밤, 황홀의 윤무",#소설원작#혐관로맨스#고자극로맨스#로맨스#까칠남#뱀파이어,15,"해독,호찌,유안",금요웹툰,9.928,55613
나혼자 탑에서 농사,#동물#소설원작#판타지#무해한#햇살캐#힐링#차원이동,0,"임형,sdcknight,이하",금요웹툰,9.898,45916
어떤소란,#로맨스#캠퍼스로맨스,12,케,일요웹툰,9.715,34972
뜨거운 홍차,#학원로맨스#로맨스#소설원작,0,"원작,금요웹툰,에리카,그",금요웹툰,9.944,57975
히어로 킬러,#히어로#액션,15,"꿀벌,벌",금요웹툰,9.972,231267
유월의 소한,#로맨스#퓨전사극,0,윤정,목요웹툰,9.222,11141
버그이터,#게임판타지#2021 지상최대공모전#먼치킨#판타지,12,이,월요웹툰,9.861,36714
중독연구소,#드라마,0,김택,월요웹툰,9.754,27868
용사참수인,#판무#판타지,15,김세,토요웹툰,9.886,44999
미니어처 생활백서,#드라마#무해한,12,엘렌 ,월요웹툰,9.985,99506
네가 죽기를 바랄 때가 있었다,#후회물#구원서사#소설원작#혐관로맨스#로맨스#로판,0,"아란,기매,진",목요웹툰,9.936,196843
카루나,#판타지,12,강호,목요웹툰,9.852,17644
베이비 폭군,#육아물#로맨스#소설원작,0,"이흰,아",수요웹툰,9.974,128388
쥴리에타의 드레스 업,#로맨스#소설원작,15,"채하빈,말차,유자",월요웹툰,8.787,19624
아이돌만 하고 싶었는데,#좀비#로맨스코미디#아이돌연애#로맨스#아이돌#2021 지상최대공모전#연예계,15,"고구렁,와",토요웹툰,9.945,35350
별빛 커튼콜,#성장드라마#인플루언서#로맨스#청춘로맨스#힐링,0,아르,금요웹툰,9.972,45879
나 없는 단톡방,#드라마#학원물,12,봉,월요웹툰,9.956,81419
랜덤타겟,#로맨스,0,"정유한,이",화요웹툰,9.939,54410
어쩌다보니 천생연분,#선결혼후연애#로맨스#2021 지상최대공모전#로맨스코미디,15,"꿀타래,담",금요웹툰,9.959,539106
꼬리잡기,#2020 지상최대공모전#범죄#두뇌싸움#서스펜스#스릴러#서바이벌,15,바,월요웹툰,9.938,254181
덴큐,#sf#판타지,15,백감,화요웹툰,9.896,35108
더 해머,#소설원작#판타지,12,"멘수,스튜디오M,Painkille",토요웹툰,9.818,34552
DARK MOON: 달의 제단,#뱀파이어#판타지,12,HYB,일요웹툰,9.869,180277
그 악룡은 무엇을 위해 사는가,#소설원작#회귀#로맨스#인외존재#로판,0,"마누비,호나란,레몬개구",목요웹툰,9.922,29063
우산 없는 애,#성장드라마#드라마#2021 지상최대공모전,15,로,월요웹툰,9.964,56259
행운을 부탁해!,#현실로맨스#로맨스#로판#로맨스코미디,0,해,월요웹툰,9.799,22970
칼부림,#역사물#판무#무협/사극,12,고일,수요웹툰,9.97,70838
신군,#소년왕도물#액션,15,규,월요웹툰,9.964,84393
히트포인트,#판타지,15,"여강현,민",금요웹툰,9.782,55343
회귀한 천재 헌터의 슬기로운 청소생활,#소설원작#먼치킨#판타지#회귀#사이다#헌터물,0,"달비트,고일고",목요웹툰,9.954,166634
A.I. 닥터,#직업드라마#소설원작#의학드라마#드라마#사이다,0,"한산이가,ZAINO,쿠",금요웹툰,9.978,196778
"다비, 아찔하게 흐르는",#로맨스#소설원작#퓨전사극,15,"소프트콘,이은",토요웹툰,9.983,75480
던전 씹어먹는 아티팩트,#먼치킨#복수극#소설원작#판타지,12,"엄키,제로워",목요웹툰,9.939,176748
공작저의 붉은 밤,#구원서사#소설원작#로맨스#선결혼후연애#로판#뱀파이어,15,"타샤토토,유세라,H.",화요웹툰,8.971,16938
외모지상주의,#드라마#학원물#먼치킨,15,박태,금요웹툰,9.143,2350909
킬링대디,#드라마,15,또,수요웹툰,9.36,4156
킬러경찰,#액션,15,"이제환,이윤",토요웹툰,9.9,91104
입학용병,#먼치킨#밀리터리#학원물#액션,12,"락현,Y",일요웹툰,9.879,591142
마루는 강쥐,#동물#개그#4차원#무해한#햇살캐,0,모,화요웹툰,9.99,444205
이상한 변호사 우영우,#직업드라마#법정드라마#드라마#드라마&영화 원작웹툰#햇살캐#힐링,15,"화음조,유일,목요웹",목요웹툰,8.456,130511
영웅&마왕&악당,#소설원작#까칠남#판타지,12,"모모,무영",수요웹툰,9.955,67721
"또다시, 계약 부부",#전남친#로맨스#선결혼후연애#소설원작,15,"김종진,설우",월요웹툰,9.958,126907
경비실에서 안내방송 드립니다,#2021 지상최대공모전#서바이벌#스릴러,15,"벌크업,수",월요웹툰,9.668,33841
보고 있지?,#2020 지상최대공모전#드라마#서스펜스#인플루언서,15,송범,토요웹툰,8.264,19050
신의 최애캐,#드라마#2022 지상최대공모전#타임슬립,12,김찹,금요웹툰,9.769,15512
당신의 그림자를 그만두었을 때,#로맨스#소설원작,0,"유성,Rana,봉",목요웹툰,9.97,35921
초인의 게임,#히어로#소설원작#판타지#이능력배틀물#헌터물,0,"니콜로,플랜에이,Two-zer",화요웹툰,9.964,172364
동경과 거짓말,#성장드라마#구원서사#드라마#2021 지상최대공모전#음악,12,오,화요웹툰,9.897,10422
어쌔신 크리드 - 잊혀진 사원,#게임판타지#레드아이스 스튜디오#판타지,15,"∙,샤이아탄,Tabii,Ubisof",월요웹툰,9.82,16406
이십팔세기 광팬,#개그#4차원#차원이동,12,컷,"수, 토 연재",9.929,41266
히어로 더 맥시멈,#히어로#2021 지상최대공모전#액션,12,박재,수요웹툰,9.925,19532
35cm,#로맨스,12,홍,목요웹툰,9.653,177313
커플브레이커,#계약연애#걸크러시#현실로맨스#로맨스#2030연애,12,"기맹기,태",금요웹툰,9.923,162042
악마라고 불러다오,#로맨스#소설원작,15,"써나,자양,안",금요웹툰,9.962,127835
노인의 꿈,#성장드라마#드라마#감성드라마#무해한#힐링,0,백원,토요웹툰,9.975,28851
홍시는 날 좋아해!,#로맨스#까칠남#햇살캐,0,"강하다,웃는",토요웹툰,9.983,343003
"아마도, 굿모닝",#로맨스#소설원작,0,"우지혜,은나,솜",일요웹툰,9.922,43648
왕년엔 용사님,#최강자전#2019 최강자전#판타지,0,"고샤,솔",토요웹툰,9.953,76044
폭군 남편과 이혼하겠습니다,#소설원작#걸크러시#로맨스#사이다#빙의#차원이동,0,"조사라,오윤",토요웹툰,9.863,98134
윌유메리미,#일상,0,마인드,"화, 토 연재",9.846,344228
"집사, 주세요!",#4차원#로맨스코미디#하이틴#역하렘#로맨스#학원로맨스,0,꾀돌,월요웹툰,9.914,54142
상남자,#드라마#소설원작#머니게임#직업드라마,15,"도가도,김태궁,하늘",금요웹툰,9.98,229586
천마육성,#소설원작#먼치킨#회귀#무협/사극#게임판타지,12,"광휘,조형",목요웹툰,9.95,183190
물고기로 살아남기,#동물#판타지,15,동,수요웹툰,9.87,48241
소년 검사,#성장드라마#게임판타지#판타지,15,혁,토요웹툰,9.815,50411
청춘계시록,#로맨스코미디#하이틴#현실로맨스#로맨스#2021 지상최대공모전#학원로맨스,0,한,일요웹툰,9.981,204945
나의 작은 서점,#현실로맨스#로맨스#청춘로맨스#힐링#연예계,0,한민,일요웹툰,9.97,87029
북부 공작님을 유혹하겠습니다,#로맨스#로판#소설원작,0,"주시하,은하수,가천",월요웹툰,9.979,234761
백XX,#범죄#액션,15,"수요웹툰,병장,그",수요웹툰,9.753,223614
전설의 화석,#소설원작#판타지,0,"아뷰,청",일요웹툰,9.618,52841
장미같은 소리,#연예계#스릴러,15,"혜진양,듀",일요웹툰,9.97,72827
백호랑,#판타지,0,박,월요웹툰,9.958,59697
아가사,#드라마#걸크러시#궁중로맨스#혐관로맨스,12,이다,토요웹툰,9.931,43895
방송은 방송으로 봐,#드라마,15,박은,토요웹툰,7.749,23640
싸움독학,#소년왕도물#학원물#액션#인플루언서,15,"김정현,박태준 만화회",일요웹툰,9.761,1067299
가비지타임,#최강자전#스포츠#2017 최강자전#농구#스포츠성장,0,2사,일요웹툰,9.971,302787
결혼까지 망상했어!,#2020 지상최대공모전#성장드라마#로맨스#학원로맨스#삼각관계,12,문,일요웹툰,9.85,157240
몸이 바뀌는 사정,#구원서사#집착물#로맨스#성별반전#직진남#빙의#삼각관계#로판,15,"윤달,달꽃,푸",일요웹툰,9.967,129802
애증화음,#성장드라마#학원물#혐관로맨스#걸크러시#드라마#음악#서바이벌,0,전,금요웹툰,9.959,20305
가짜 동맹,#계약연애#친구>연인#소꿉친구#로맨스#2021 지상최대공모전#학원로맨스,12,케,수요웹툰,9.977,324277
죽지 않으려면,#환골탈태#학원물#블루스트링#사이다#복수극#액션,15,"파래,임진",금요웹툰,9.939,317557
필생기,#판타지,15,찬,수요웹툰,9.62,18530
연애 연기대상,#계약연애#캠퍼스로맨스#고자극로맨스#로맨스코미디#로맨스#2030연애,15,"일공팔,김충",월요웹툰,9.894,23121
시한부인 줄 알았어요!,#계약연애#로맨스코미디#로맨스#궁중로맨스#햇살캐#삼각관계#로판,15,"에시,최아리,혜",화요웹툰,9.983,260136
나 혼자 만렙 뉴비,#먼치킨#판타지#사이다#헌터물#고인물#레드아이스 스튜디오#게임판타지,15,"메슬로우,스윙뱃,WAN.",금요웹툰,9.961,476855
광마회귀,#판무#소설원작#세계관#회귀#사이다#무협/사극,15,"유진성,이히,J",금요웹툰,9.971,349572
첫날밤만 세 번째,#소설원작#고자극로맨스#재회#오피스로맨스#로맨스#2030연애,15,"나라나라,갓",일요웹툰,9.977,63772
문제적 왕자님,#로맨스#로판#로맨스코미디#소설원작,15,"선인장,솔",금요웹툰,9.987,88244
물어보는 사이,#계약연애#로맨스#아이돌#직진남#인외존재#삼각관계#연예계#뱀파이어,15,성,월요웹툰,9.957,379536
사서고생!,#드라마,0,몽,토요웹툰,9.957,51339
밤을 깨우는 마법,#2020 지상최대공모전#판타지,0,외,토요웹툰,9.971,48577
악당과 악당이 만나면,#소설원작#걸크러시#계략여주#로맨스#직진남#로판,12,"삵,쏘가리,임하",월요웹툰,9.945,35671
더블클릭,#스포츠성장#액션#게임판타지,0,"월요웹툰,그림,박수",월요웹툰,9.96,166180
99강화나무몽둥이,#고인물#사이다#게임판타지#판타지,12,"지페리,홍",토요웹툰,9.672,490907
겨울 정원의 하와르,#로맨스#소설원작,0,"미나토,단청,래",수요웹툰,9.977,76561
하렘에서 살아남기,#개그,0,전,일요웹툰,9.944,44367
몽홀,#역사물#무협/사극,0,장태,금요웹툰,9.486,94853
헬퍼 2 : 킬베로스,#액션#성인웹툰,18,,수요웹툰,5.84,394362
히어로메이커,#히어로#판타지,0,빤,월요웹툰,9.897,82650
기억해줘,#재회#현실로맨스#연상연하#로맨스#2021 지상최대공모전,12,"BD,왈",금요웹툰,9.921,26215
왕게임,#서스펜스#블루스트링#학원물#액션,12,"신형욱,범고",화요웹툰,9.864,107732
렌탈히어로,#액션,15,"포르토,코",화요웹툰,9.78,15271
쿠베라,#인외존재#다크판타지#세계관#판타지,0,카레,목요웹툰,9.962,470950
사공은주,#스릴러,15,이체,화요웹툰,9.925,63606
천치전능,#드라마,12,"김칸비,송래",일요웹툰,9.931,57751
우투리: THE LEGACY,#판타지,15,"홍기우,이재",화요웹툰,9.855,15373
교환학생,#2020 지상최대공모전#드라마,0,올챙구,화요웹툰,9.672,55173
선배는 나빠요!,#로맨스,0,쟈바,수요웹툰,9.846,135870
죽음으로 구원하사,#성인웹툰#서스펜스#2021 지상최대공모전#복수극#스릴러,18,"고요빛,유",금요웹툰,9.9,25990
플레이어,#이능력배틀물#액션#게임판타지,12,"오현준,박종",금요웹툰,9.901,204757
경자 전성시대,#개그#4차원,15,김호,일요웹툰,9.931,54436
지옥연애환담,#소설원작#로맨스#로판#까칠남,15,"월요웹툰,당첨,황도",월요웹툰,9.947,47450
미친 후작을 길들이고 말았다,#로맨스#소설원작,0,"로판맛집,골지,이",금요웹툰,9.944,137035
은주의 방 2~3부,#드라마#드라마&영화 원작웹툰,0,노란구,화요웹툰,9.95,162017
별을 삼킨 너에게,#최강자전#친구>연인#로맨스#아이돌#연상연하#2019 최강자전#연예계,15,AR,목요웹툰,9.902,453548
돌격! 용마치킨,#판타지,0,팀 오누,화요웹툰,9.888,18726
빌드업,#소년왕도물#축구#스포츠#2019 지상최대공모전#스포츠성장,12,91,수요웹툰,9.868,256623
보스였음,#액션,15,럭,목요웹툰,9.944,102534
평행도시,#판타지,15,고,일요웹툰,9.923,110382
궤도의 아이들,#성장드라마#드라마#감성드라마#청춘로맨스#학원로맨스,12,"구김,나윤",토요웹툰,9.954,25926
천재 타자가 강속구를 숨김,#스포츠#소설원작#야구,0,"황지성,이블라인,스튜디오M",월요웹툰,9.877,44186
버림받은 왕녀의 은밀한 침실,#소설원작#고자극로맨스#성인웹툰#로맨스#궁중로맨스#까칠남,18,"혜니,성혜",월요웹툰,9.96,263762
웅크,#감성#힐링#무해한,0,나유,"화, 금 연재",9.956,60240
청춘일지,#캠퍼스로맨스#로맨스코미디#로맨스#2030연애#청춘로맨스,0,쏘,토요웹툰,9.845,92489
진짜 진짜 이혼해,#계약연애#친구>연인#오피스로맨스#로맨스#2021 지상최대공모전#선결혼후연애,12,"해인,서",목요웹툰,9.912,87336
따개비,#소설원작#스릴러,15,"레고밟았어,delete,뜰",목요웹툰,9.206,18288
하나는 적고 둘은 너무 많아,#현실로맨스#고자극로맨스#로맨스#재회,15,"손모모,젤리피",금요웹툰,9.56,21911
로맨스가 가능해?,#걸크러시#로맨스코미디#로맨스#2030연애#청춘로맨스#선결혼후연애,0,"송정원,임주",화요웹툰,9.978,73438
뷰티풀 군바리,#드라마#밀리터리#직업드라마,15,"윤성원,설",월요웹툰,9.876,777131
무진,#범죄#복수극#액션#느와르,15,"브라보 장,사",일요웹툰,9.876,43170
순정빌런,#다정남#로맨스#로맨스코미디,12,세,목요웹툰,9.989,319392
찐:종합게임동아리,#동아리#드라마#2020 지상최대공모전,12,소,화요웹툰,9.913,39302
약탈 신부,#구원서사#소설원작#혐관로맨스#로맨스#인외존재,15,"강희자매,팀 카푸치",금요웹툰,9.793,174340
지옥 키우기,#서스펜스#2021 지상최대공모전#다크판타지#스릴러,15,양세,금요웹툰,9.916,40908
세라는 망돌,#로맨스,0,햇,금요웹툰,9.426,18648
66666년 만에 환생한 흑마법사,#회귀#소설원작#먼치킨#판타지,12,"파사,팀 더 지크,화",수요웹툰,9.925,316454
산의 시간,#드라마,0,지,수요웹툰,9.032,12045
이세계 용사가 지구를 구하는 이유,#판타지,15,자린고비,일요웹툰,9.835,25307
용한소녀,#학원로맨스#동물#로맨스,0,올,수요웹툰,9.976,96761
마도전생기,#소설원작#판무#무협/사극#힘숨찐,15,"포스스튜디오,codezer",토요웹툰,9.892,78714
사내고충처리반,#드라마#복수극#범죄#직업드라마,12,"JINU,정주",수요웹툰,9.9,25217
버려진 나의 최애를 위하여,#로맨스#소설원작,0,"김선유,류호,기",목요웹툰,9.989,291787
파견체,#인외존재#sf#판타지,12,곽백,월요웹툰,9.928,12993
묘령의 황자,#걸크러시#드라마#성별반전#궁중로맨스#동양풍판타지,15,아흐레,토요웹툰,9.98,132723
내남친 킹카만들기,#환골탈태#로맨스#2021 지상최대공모전#로맨스코미디,0,"랑쓰,섯",화요웹툰,9.958,115505
인섹터,#다크히어로#이능력배틀물#힘숨찐#판타지,15,마카,월요웹툰,9.947,58787
손 안의 안단테,#성장드라마#드라마#연상연하#감성드라마#음악,12,나윤,일요웹툰,9.98,57389
여우놀이,#2020 지상최대공모전#하이틴#드라마#아이돌#폭스남#학원로맨스,12,황혜,금요웹툰,9.969,305365
재혼 황후,#후회물#혐관로맨스#이세계#다정남#로맨스#연상연하#궁중로맨스#직진남,15,"알파타르트,히어리,숨",금요웹툰,9.874,911239
오로지 오로라,#최강자전#히어로#2019 최강자전#판타지,0,홍,월요웹툰,9.812,49320
이 짝사랑은 억울하다!,#삼각관계#캠퍼스로맨스#친구>연인#현실로맨스#로맨스#청춘로맨스#짝사랑,0,김밀,수요웹툰,9.823,22392
배트맨: 웨인 패밀리 어드벤처,#히어로#일상#해외작품,0,"StarBite,CRC Payn",목요웹툰,9.769,13500
킬 더 드래곤,#헌터물#소설원작#액션#레드아이스 스튜디오,15,"현가,백수귀족,미스 지",금요웹툰,9.971,65704
은둔코인,#드라마#머니게임,0,HD,토요웹툰,9.596,56279
한림체육관,#소년왕도물#학원물#슈퍼스트링#블루스트링#액션,15,"혜성,이석",화요웹툰,9.868,378092
로잘린 보가트,#고자극로맨스#로맨스#궁중로맨스#소설원작,12,"하노HANO,삼월에,마",화요웹툰,9.906,130675
러브 어페어,#후회물#비밀연애#소설원작#고자극로맨스#로맨스#2030연애,15,"팀 네모바퀴,건태,이유",토요웹툰,9.257,15789
홀리데이,#드라마,12,광,수요웹툰,9.357,38177
약한영웅,#드라마&영화 원작웹툰#힘숨찐#액션#학원물,15,"김진석,서패",일요웹툰,8.047,538044
미시령,#2016 최강자전#최강자전#스릴러,15,모코,수요웹툰,9.855,150758
사신,#소설원작#무협/사극,15,"설봉,임재",금요웹툰,9.934,78489
브레이커 : 이터널 포스,#소년왕도물#환골탈태#세계관#사이다#느와르#액션,15,"박진환,전극",금요웹툰,9.898,95157
무사만리행,#판무#무협/사극,15,"배민기,",목요웹툰,9.922,163026
별을 쫓는 소년들,#히어로#연예계#판타지,12,HYB,월요웹툰,9.243,57004
온리호프,#회귀#고자극로맨스#로맨스#타임슬립,15,초,금요웹툰,9.984,183411
"엔딩, 바꿔보려합니다",#2020 지상최대공모전#역하렘#로맨스#빙의#학원로맨스#로판,12,모카,목요웹툰,9.965,68693
일렉시드,#성장드라마#동물#학원물#세계관#이능력배틀물#액션,12,"손제호,제",수요웹툰,9.616,473636
데드퀸,#아포칼립스#판타지,15,김규,금요웹툰,9.952,241872
엑스애쉬,#소년왕도물#게임판타지#판타지,12,"이광수,김세",토요웹툰,9.822,96665
겨울특강,#판타지,15,곤,토요웹툰,9.829,14319
순정말고 순종,#삼각관계#로맨스#연예계#로맨스코미디,15,슈,월요웹툰,9.951,488898
노빠꾸 최하영,#4차원#힘숨찐#액션#학원물,12,우엉,일요웹툰,9.782,55227
케찰코아틀 - 다빗,#드라마#느와르#성인웹툰,18,d,목요웹툰,9.955,9610
펀치드렁커드,#드라마,15,고태,일요웹툰,9.948,18957
결혼생활 그림일기,#일상,0,은꼼,월요웹툰,9.979,110698
어글리후드,#최강자전#히어로#2017 최강자전#먼치킨#판타지#이능력배틀물#힘숨찐,12,미,토요웹툰,9.972,279455
"이 결혼, 새로고침",#로맨스#계약연애#소설원작,15,"다프네 박,영,핑크",화요웹툰,9.854,50064
케찰코아틀 - 헤수스,#드라마#느와르#성인웹툰,18,d,수요웹툰,9.954,10682
두 마리를 위한 뜰,#혐관로맨스#2022 지상최대공모전#드라마#동양풍판타지#인외존재#힐링,15,솜마,수요웹툰,9.937,16778
김부장,#먼치킨#다크히어로#사이다#느와르#액션,15,"정종택,박태준 만화회",화요웹툰,9.86,535994
퀘스트지상주의,#드라마#학원물#게임판타지,15,박태준 만화회,월요웹툰,9.694,511867
위아더좀비,#2020 지상최대공모전#좀비#아포칼립스#감염#드라마#감성드라마,12,이명,화요웹툰,9.974,198229
앵무살수,#판무#판타지,15,김성,월요웹툰,9.956,219131
가족같은 XX,#2020 지상최대공모전#계약연애#로맨스#삼각관계#연예계,15,서우,목요웹툰,9.9,184406
엘프,#세계관#판타지,0,홍작,월요웹툰,9.887,11836
결혼공략,#청춘로맨스#로맨스#로맨스코미디#캠퍼스로맨스,0,율,월요웹툰,9.939,43719
랜덤채팅의 그녀!,#드라마#학원물,15,박은,화요웹툰,6.857,585818
이런 미친 엔딩,#로맨스,0,LEE,수요웹툰,9.873,42272
꽃만 키우는데 너무강함,#먼치킨#게임판타지#소설원작#판타지,0,"주현후,쿰타",목요웹툰,9.957,187533
푸쉬오프,#성장드라마#하이퍼리얼리즘#드라마#감성드라마#사이비종교#힐링,0,허5파,금요웹툰,9.988,98819
토마토가 돼라!,#로맨스,0,뮤,월요웹툰,9.98,30220
살아남은 로맨스,#구원서사#아포칼립스#판타지#빙의#학원로맨스#서바이벌,15,이,일요웹툰,9.986,399658
신컨의 원 코인 클리어,#소설원작#판타지,0,"스튜디오 호호이,Akhere",금요웹툰,9.857,43052
최고의 뿔소라,#다정남#로맨스코미디#현실로맨스#로맨스#무해한#2030연애#연예계,12,김인,일요웹툰,9.96,29070
바스티안,#소설원작#혐관로맨스#로맨스#2030연애#선결혼후연애#로판,15,"아빈,솔",금요웹툰,9.969,96435
분신으로 자동사냥,#소설원작#판타지,12,"오팔,차씨,몽식夢",일요웹툰,9.922,103037
대학원 탈출일지,#하이퍼리얼리즘#일상,0,요,"화, 금 연재",9.972,177467
하얀 사자의 비밀 신부,#소설원작#회귀#로판#로맨스#계략여주,0,"임혜,봉",수요웹툰,9.563,63829
프로듀스 온리원,#드라마#2021 지상최대공모전#아이돌연애,0,류가,수요웹툰,9.776,15614
세레나,#고자극로맨스#로맨스#선결혼후연애#혐관로맨스,15,정이,토요웹툰,9.97,337010
서울밤피어,#다크판타지#먼치킨#뱀파이어#판타지,15,송지,목요웹툰,9.924,32601
여우자매,#동양풍판타지#판타지,0,갈,화요웹툰,9.931,74795
멜빈이 그들에게 남긴 것,#소설원작#로맨스#햇살캐#힐링#로판#레드아이스 스튜디오,12,"류희온,팀 해피게리,삼칠1",금요웹툰,9.933,90046
사랑은 없는 것처럼,#로맨스#소설원작,15,"김해담,carbo(도효원",일요웹툰,9.889,28813
샤인 스타,#성장드라마#로맨스,0,김,일요웹툰,9.95,67731
용왕님의 셰프가 되었습니다,#음식&요리#소설원작#판타지,0,"문백경,카라쿨,",화요웹툰,9.943,231776
장풍전,#액션,15,신영,일요웹툰,9.961,39729
사신소년,#소년왕도물#먼치킨#이능력배틀물#액션,15,,화요웹툰,9.549,610167
촉법소년,#액션,15,"그림,목요웹툰,박태준 만화회",목요웹툰,9.84,182720
주부 육성중,#드라마,0,임,수요웹툰,9.974,56785
좀비X슬래셔,#좀비#히어로#액션#아포칼립스,15,"홍준기,나",토요웹툰,9.72,31247
햄버거가 제일 좋아,#현실로맨스#연상연하#로맨스#청춘로맨스#삼각관계,0,"민국,용",화요웹툰,9.963,46633
이번 생도 잘 부탁해 - 기억의 한 조각,#현실로맨스#로맨스#드라마&영화 원작웹툰,0,이,화요웹툰,9.98,67438
호랑이 들어와요,#판타지,0,"유은,배세",화요웹툰,9.982,263256
수영만화일기,#무해한#일상#스포츠성장,0,해,"월, 목 연재",9.898,46644
용사가 돌아왔다,#다크판타지#먼치킨#아포칼립스#액션#차원이동,15,"풍백,나",화요웹툰,9.915,238181
AI 유하,#로맨스코미디#현실로맨스#아이돌연애#로맨스#삼각관계#연예계,0,"지홍주,박",화요웹툰,9.791,22739
사상최강,#먼치킨#무협/사극#소설원작,0,"이단아,황규",수요웹툰,9.941,126822
탑코너,#스포츠#축구#스포츠성장,0,"라군,윤",토요웹툰,8.397,145093
게임 최강 트롤러,#소설원작#판타지,0,"YATO,군만두먹자,박종",목요웹툰,9.835,84463
낙원의 이론,#소설원작#판타지,0,"정선우,무",수요웹툰,9.856,34416
도깨비 부른다,#판타지,15,WEBANGSAN,월요웹툰,9.929,23715
라서드,#판타지,12,감,월요웹툰,9.952,55062
서울시 천사주의,#성장드라마#먼치킨#판타지,0,안,금요웹툰,9.862,20212
튜토리얼 탑의 고인물,#소설원작#먼치킨#아포칼립스#사이다#헌터물#고인물#액션#게임판타지,12,"방구석김씨,토",수요웹툰,9.923,339592
민간인 통제구역 - 일급기밀,#하이퍼리얼리즘#서스펜스#밀리터리#스릴러#프리퀄,15,OSI,토요웹툰,9.925,36592
메모리얼,#스릴러,15,상,수요웹툰,9.948,53917
아이돌의 비밀 스터디,#2020 지상최대공모전#성장드라마#드라마#아이돌#연예계,12,우아,수요웹툰,9.771,10819
당신이 나를 믿으신다면,#드라마#사이비종교#2021 지상최대공모전,15,김그래,토요웹툰,9.925,21370
다시쓰는 연애사,#로맨스#성별반전,15,"최경민,영",월요웹툰,9.977,175066
아카데미에 위장취업당했다,#소설원작#판타지,12,"WAG,sayren,타",일요웹툰,9.964,177005
오늘의 비너스,#환골탈태#친구>연인#로맨스#2021 지상최대공모전#연예계,15,"도달,엄세",월요웹툰,9.929,66556
규격 외 혈통 천재,#소설원작#판타지,12,"ZAINO,소울풍,클로",목요웹툰,9.954,98225
일타강사 백사부,#소설원작#무협/사극,12,"오리보리,팀 더 지크,간짜",일요웹툰,9.971,205817
트러블리걸,#로맨스,15,일쩜,월요웹툰,9.837,22856
고백어택,#짝사랑#로맨스#학원로맨스,0,늠,월요웹툰,9.935,55697
너의 미소가 함정,#로맨스#하이틴,0,앵,금요웹툰,9.983,212709
아이즈,#2019 지상최대공모전#이능력배틀물#액션#인외존재,15,정썸,화요웹툰,9.944,88325
시월드가 내게 집착한다,#계약연애#구원서사#집착물#소설원작#회귀#로맨스#햇살캐#선결혼후연애,15,"승우,한윤",일요웹툰,9.987,473558
사표내고 이계에서 힐링합니다,#음식&요리#소설원작#이세계#판타지,0,"딥블랙,파란,덤",화요웹툰,9.945,52669
게임 속 바바리안으로 살아남기,#소설원작#판타지,15,"MIDNIGHT STUDIO,정윤강,한태",목요웹툰,9.933,37297
아빠같은 남자,#드라마,12,이수,목요웹툰,9.86,27202
유사연애,#고자극로맨스#현실로맨스#폭스남#로맨스#오피스로맨스#2030연애,15,여,화요웹툰,9.962,149160
인생영화,#서스펜스#타임슬립#복수극#스릴러,15,희나,일요웹툰,9.506,16070
세기말 풋사과 보습학원,#성장드라마#친구>연인#하이틴#소꿉친구#러블리#로맨스#학원로맨스,0,순,금요웹툰,9.983,478209
합격시켜주세용,#판타지,0,이,일요웹툰,9.987,197950
특수청소,#드라마,15,한(恨,목요웹툰,9.62,55032
폭군님은 착하게 살고 싶어,#로맨스,0,"람글,카",금요웹툰,9.977,154923
거짓말의 뉘앙스,#후회물#드라마#하이퍼리얼리즘#인플루언서,0,사,화요웹툰,9.91,27369
원포인트,#동아리#스포츠#스포츠성장,0,,화요웹툰,9.879,20136
빌런투킬,#복수극#판타지,15,"은지,퓨",화요웹툰,9.882,167247
쌈빡,#학원물#액션,15,3,금요웹툰,9.877,108532
헬크래프트,#서스펜스#두뇌싸움#판타지,15,"영기,나",월요웹툰,9.899,38168
잔불의 기사,#판무#복수극#세계관#판타지,15,환,월요웹툰,9.938,204431
나타나주세요!,#다정남#연상연하#로맨스#캠퍼스로맨스,15,김기,화요웹툰,9.968,401685
독거미,#드라마,15,"신진우,홍순",목요웹툰,9.779,9463
너나 나나,#드라마#러블리#학원물,0,김연,토요웹툰,9.92,20138
이종 격투기,#드라마,12,꼬마,토요웹툰,9.902,20355
썩은 핑크의 법칙,#동아리#드라마#2022 지상최대공모전#캠퍼스로맨스,15,힙합신,목요웹툰,9.947,42438
넷시의 비밀,#로맨스#로맨스코미디#세계관#구원서사,0,비온,수요웹툰,9.886,33362
성스러운 그대 이르시길,#로맨스#소설원작,15,"미나토,로주,앵뚜,∙,2",금요웹툰,9.969,70815
아인슈페너,#집착물#스릴러,15,한끼,목요웹툰,9.906,65566
태시트,#액션,12,김다,화요웹툰,9.963,87572
궤짝,#스릴러,15,"그림,화요웹툰,박태준 만화회",화요웹툰,9.757,48293
달과 인어,#성장드라마#드라마#러블리#감성드라마#인외존재#힐링,0,원산,토요웹툰,9.973,40091
반대로 끌리는 사이,#캠퍼스로맨스#로맨스코미디#로맨스#2021 지상최대공모전#햇살캐,0,한,화요웹툰,9.895,35921
앞집나리,#하이퍼리얼리즘#로맨스코미디#하이틴#현실로맨스#로맨스#2030연애,18,민송,목요웹툰,9.937,232215
블러드 리벤저,#2021 지상최대공모전#판타지,15,고,일요웹툰,9.88,39053
급식아빠,#학원물#액션,15,김재,수요웹툰,8.469,383794
랭커,#액션,15,"신건,taibog",월요웹툰,9.919,30162
중매쟁이 아가 황녀님,#소설원작#육아물#회귀#로맨스#빙의,0,"지미신,박카",토요웹툰,9.965,85643
"언니, 이번 생엔 내가 왕비야",#소설원작#회귀#로맨스#사이다#복수극#로판#레드아이스 스튜디오,15,"테미스,Omin,레팔진",금요웹툰,9.96,318797
용두사망 소설 속의 악녀가 되었다,#로맨스#빙의#로판#소설원작,0,"윤림,너구리,하",토요웹툰,9.923,60727
더 게이머,#먼치킨#게임판타지#판타지,0,"성상영,상",금요웹툰,3.845,396898
똑 닮은 딸,#2020 지상최대공모전#서스펜스#스릴러,15,이,월요웹툰,9.984,419044
"오, 친애하는 숙적",#소설원작#로맨스#복수극#로판#레드아이스 스튜디오,15,"벨마,미나토,오",목요웹툰,9.981,82331
여름여자 하보이,#2020 지상최대공모전#로맨스#성별반전,12,석,금요웹툰,9.977,84151
비서 일탈,#소설원작#고자극로맨스#오피스로맨스#로맨스#직진남#2030연애,15,"솔방울,꿀봉이,반지",목요웹툰,9.979,94673
묘약마녀,#성장드라마#판타지,0,자,토요웹툰,9.973,60971
네버엔딩달링,#sf#스릴러,15,울,금요웹툰,9.908,88080
밀실 마피아 게임,#소설원작#스릴러,15,"WONS,PAN,백지",일요웹툰,9.147,20127
스포,#성인웹툰#아포칼립스#스릴러,18,이,금요웹툰,9.683,58759
팀장님은 신혼이 피곤하다,#계약연애#소설원작#로맨스코미디#로맨스#오피스로맨스#짝사랑,0,"강하다,장그",화요웹툰,9.913,63195
귀환했는데 입대 전날이다,#소설원작#판타지,0,"황금비둘기,오코",토요웹툰,9.891,102837
모스크바의 여명,#드라마#힐링#소설원작,0,"황장미,이샨",월요웹툰,9.932,64317
"너의 순정, 나의 순정",#학원로맨스#로맨스,0,정,화요웹툰,9.804,43945
수희0(tngmlek0),#하이퍼리얼리즘#드라마#머니게임#인플루언서,12,생일기,일요웹툰,9.847,240027
시한부 천재 암흑기사,#소년왕도물#소설원작#먼치킨#판타지#빙의#게임판타지,0,"정선율,나",목요웹툰,9.78,17870
완벽한 부부는 없다,#로맨스#소설원작,15,"초이,이다홍,롱",토요웹툰,9.814,102079
괴물공작의 딸,#육아물#힐링#판타지,0,"찬란,한바",수요웹툰,9.904,179724
먹지마세요,#인외존재#오컬트#동양풍판타지#판타지,15,"비버,노",토요웹툰,9.922,39423
세상은 돈과 권력,#드라마#블루스트링#재벌#머니게임,15,"이도희,한동",수요웹툰,9.779,445593
"황궁에 핀 꽃은, 미쳤다",#로맨스#소설원작#퓨전사극,0,"성소작,희구,한누",목요웹툰,9.626,48600
황후를 훔친 이는 누구인가,#로맨스#로판#소설원작,15,"핀쿠,뮬리,Lee jihy",수요웹툰,9.952,134214
보스의 노골적 취향,#로맨스#소설원작,15,"팀솜사탕,시크크,반지",일요웹툰,9.938,89044
연애고수,#삼각관계#인플루언서#로맨스#직진남#전남친,15,햇,수요웹툰,9.874,38244
스토커의 하루,#서스펜스#괴담#스릴러,15,bunn,금요웹툰,9.257,47809
에이머,#두뇌싸움#판타지,0,구동,화요웹툰,9.917,147751
피폐물의 해피엔딩을 위하여,#로맨스#빙의#로판#구원서사,0,,월요웹툰,9.953,48459
어느날 갑자기 서울은,#감염#좀비#아포칼립스#스릴러,15,박창,일요웹툰,9.865,220190
야매 힐러로 사는 법,#소설원작#판타지,0,"나옌,14획,새송이덮",토요웹툰,9.928,39292
미드우트,#판타지,15,원,금요웹툰,9.962,31769
합법해적 파르페,#최강자전#2017 최강자전#판타지,0,뼈피,금요웹툰,9.968,50544
사랑의 헌옷수거함,#친구>연인#걸크러시#하이틴#로맨스#학원로맨스,15,고,월요웹툰,9.773,226685
디펜스 게임의 폭군이 되었다,#소설원작#판타지,12,"하정,류은가람,",토요웹툰,9.972,120223
소녀의 세계,#삼각관계#하이틴#드라마#감성드라마#직진남#까칠남#학원로맨스,0,모랑,월요웹툰,9.157,1125878
